parametre0;parametre1;parametre2;parametre3;parametre4;parametre5;parametre6;parametre7;parametre8;parametre9;parametre10;parametre11;parametre12;parametre13;parametre14;parametre15;parametre16;parametre17;parametre18;parametre19;parametre20;parametre21;parametre22;parametre23;parametre24;parametre25;parametre26;parametre27;parametre28;parametre29;parametre30;parametre31;parametre32;parametre33;parametre34;parametre35;parametre36;parametre37;parametre38;parametre39;parametre40;parametre41;parametre42;parametre43;parametre44;parametre45;parametre46;parametre47;parametre48;parametre49;parametre50;parametre51;parametre52;parametre53;parametre54;parametre55;parametre56;parametre57;parametre58;parametre59;parametre60;parametre61;parametre62;parametre63;parametre64;parametre65;parametre66;parametre67;parametre68;parametre69;parametre70;parametre71;parametre72;parametre73;parametre74;parametre75;parametre76;parametre77;parametre78;parametre79;parametre80;parametre81;parametre82;parametre83;parametre84;parametre85;parametre86;parametre87;parametre88;parametre89;parametre90;parametre91;parametre92;parametre93;parametre94;parametre95;parametre96;parametre97;parametre98;parametre99;parametre100;parametre101;parametre102;parametre103;parametre104;parametre105;parametre106;parametre107;parametre108;parametre109
-0.7978;0.6502;1.1824;1.2008;-0.0828;0.8969;-0.4987;0.5779;1.1003;0.3818
0.8839;2.1148;4.2034;0.8060;-0.3469;0.5480;2.7277;1.4951;-0.3627;-0.1098
7.0361;-1.2724;1.5104;0.3543;0.6269;-0.8310;2.4396;4.1923;4.5338;1.0842
0.6055;-0.1271;0.1634;1.2350;-1.5043;-1.2863;0.3770;-0.7178;-0.0669;-0.6861
-0.8252;0.2005;0.3480;-0.5559;0.4612;-0.5043;-0.0645;-0.0590;0.5409;0.2894
-0.6738;0.9239;-0.7898;1.2728;0.0950;0.4793;0.6605;-0.0184;-0.5779;-0.3656
-0.6489;1.9253;-0.5299;-0.5003;-0.2864;0.5309;0.7332;0.9371;-0.8894;0.9569
0.7200;1.0231;0.6152;-0.3935;-0.1251;0.7922;0.8165;3.6008;7.4225;6.1631
0.2750;0.6065;-0.0023;0.1683;-0.8007;-0.4168;0.8054;-0.0165;0.0170;-1.5507
0.8045;0.4498;-0.0947;-0.4809;-0.2993;-0.1890;0.1640;0.3765;-0.9003;-0.1971
0.3136;1.7288;4.3558;-0.7734;0.8447;-1.1180;3.9849;4.5226;4.9395;4.4607
